index,conf
2,ESWC
3,ESWC
4,ESWC
5,ESWC
6,ESWC
7,ESWC
8,ESWC
9,ESWC
10,ESWC
11,ESWC
12,ESWC
13,ESWC
14,ESWC
15,ESWC
16,ESWC
17,ESWC
18,ESWC
19,ESWC
20,ESWC
21,ESWC
22,ESWC
23,ESWC
24,ESWC
25,ESWC
26,ESWC
27,ESWC
28,ESWC
29,ESWC
30,ESWC
31,ESWC
32,ESWC
33,ESWC
34,ESWC
35,ESWC
36,ESWC
37,ESWC
38,ESWC
39,ESWC
40,ESWC
41,ESWC
42,ESWC
43,ESWC
44,ESWC
45,ESWC
46,ESWC
47,ESWC
48,ESWC
49,ESWC
50,ESWC
51,ESWC
52,ESWC
53,ESWC
54,ESWC
55,ESWC
56,ESWC
57,ESWC
58,ESWC
59,ESWC
60,ESWC
61,ESWC
62,ESWC
63,ESWC
64,ESWC
65,ESWC
66,ESWC
67,ESWC
68,ESWC
69,ESWC
70,ESWC
71,ESWC
72,ESWC
73,ESWC
74,ESWC
75,ESWC
76,ESWC
77,ESWC
78,ESWC
79,ESWC
80,ESWC
81,ESWC
82,ESWC
83,ESWC
84,ESWC
85,ESWC
86,ESWC
87,ESWC
88,ESWC
89,ESWC
90,ESWC
91,ESWC
92,ESWC
93,ESWC
94,ESWC
95,ESWC
96,ESWC
97,ESWC
98,ESWC
99,ESWC
100,ESWC
101,ESWC
102,ESWC
103,ESWC
104,ESWC
105,ESWC
106,ESWC
107,ESWC
108,ESWC
109,ESWC
110,ESWC
111,ESWC
112,ESWC
113,ESWC
114,ESWC
115,ESWC
116,ESWC
117,ESWC
118,ESWC
119,ESWC
120,ESWC
121,ESWC
122,ESWC
123,ESWC
124,ESWC
125,ESWC
126,ESWC
127,ESWC
128,ESWC
129,ESWC
130,ESWC
131,ESWC
132,ESWC
133,ESWC
134,ESWC
135,ESWC
136,ESWC
137,ESWC
138,ESWC
139,ESWC
140,ESWC
141,ESWC
142,ESWC
143,ESWC
144,ESWC
145,ESWC
146,ESWC
147,ESWC
148,ESWC
149,ESWC
150,ESWC
151,ESWC
152,ESWC
153,ESWC
154,ESWC
155,ESWC
156,ESWC
157,ESWC
158,ESWC
159,ESWC
160,ESWC
161,ESWC
162,ESWC
163,ESWC
164,ESWC
165,ESWC
166,ESWC
167,ESWC
168,ESWC
169,ESWC
170,ESWC
171,ESWC
172,ESWC
173,ESWC
174,ESWC
175,ESWC
176,ESWC
177,ESWC
178,ESWC
179,ESWC
180,ESWC
181,ESWC
182,ESWC
183,ESWC
184,ESWC
185,ESWC
186,ESWC
187,ESWC
188,ESWC
189,ESWC
190,ESWC
191,ESWC
192,ESWC
193,ESWC
194,ESWC
195,ESWC
196,ESWC
197,ESWC
198,ESWC
199,ESWC
200,ESWC
201,ESWC
202,ESWC
203,ESWC
204,ESWC
205,ESWC
206,ESWC
207,ESWC
208,ESWC
209,ESWC
210,ESWC
211,ESWC
212,ESWC
213,ESWC
214,ESWC
215,ESWC
216,ESWC
217,ESWC
218,ESWC
219,ESWC
220,ESWC
221,ESWC
222,ESWC
223,ESWC
224,ESWC
225,ESWC
226,ESWC
227,ESWC
228,ESWC
229,ESWC
230,ESWC
231,ESWC
232,ESWC
233,ESWC
234,ESWC
235,ESWC
236,ESWC
237,ESWC
238,ESWC
239,ESWC
240,ESWC
241,ESWC
242,ESWC
243,ESWC
244,ESWC
245,ESWC
246,ESWC
247,ESWC
248,ESWC
249,ESWC
250,ESWC
251,ESWC
252,ESWC
253,ESWC
254,ESWC
255,ESWC
256,ESWC
257,ESWC
258,ESWC
259,ESWC
260,ESWC
261,ESWC
262,ESWC
263,ESWC
264,ESWC
265,ESWC
266,ESWC
267,ESWC
268,ESWC
269,ESWC
270,ESWC
271,ESWC
272,ESWC
273,ESWC
274,ESWC
275,ESWC
276,ESWC
277,ESWC
278,ESWC
279,ESWC
280,ESWC
281,ESWC
282,ESWC
283,ESWC
284,ESWC
285,ESWC
286,ESWC
287,ESWC
288,ESWC
289,ESWC
290,ESWC
291,ESWC
292,ESWC
293,ESWC
294,ESWC
295,ESWC
296,ESWC
297,ESWC
298,ESWC
299,ESWC
300,ESWC
301,ESWC
302,ESWC
303,ESWC
304,ESWC
305,ESWC
306,ESWC
307,ESWC
308,ESWC
309,ESWC
310,ESWC
311,ESWC
312,ESWC
313,ESWC
314,ESWC
315,ESWC
316,ESWC
317,ESWC
318,ESWC
319,ESWC
320,ESWC
321,ESWC
322,ESWC
323,ESWC
324,ESWC
325,ESWC
326,ESWC
327,ESWC
328,ESWC
329,ESWC
330,ESWC
331,ESWC
332,ESWC
333,ESWC
334,ESWC
335,ESWC
336,ESWC
337,ESWC
338,ESWC
339,ESWC
340,ESWC
341,ESWC
342,ESWC
343,ESWC
344,ESWC
345,ESWC
346,ESWC
347,ESWC
348,ESWC
349,ESWC
350,ESWC
351,ESWC
352,ESWC
353,ESWC
354,ESWC
355,ESWC
356,ESWC
357,ESWC
358,ESWC
359,ESWC
360,ESWC
361,ESWC
362,ESWC
363,ESWC
364,ESWC
365,ESWC
366,ESWC
367,ESWC
368,ESWC
369,ESWC
370,ESWC
371,ESWC
372,ESWC
373,ESWC
374,ESWC
375,ESWC
376,ESWC
377,ESWC
378,ESWC
379,ESWC
380,ESWC
381,ESWC
382,ESWC
383,ESWC
384,ESWC
385,ESWC
386,ESWC
387,ESWC
388,ESWC
389,ESWC
390,ESWC
391,ESWC
392,ESWC
393,ESWC
394,ESWC
395,ESWC
396,ESWC
397,ESWC
398,ESWC
399,ESWC
400,ESWC
401,ESWC
402,ESWC
403,ESWC
404,ESWC
405,ESWC
406,ESWC
407,ESWC
408,ESWC
409,ESWC
410,ESWC
411,ESWC
412,ESWC
413,ESWC
414,ESWC
415,ESWC
416,ESWC
417,ESWC
418,ESWC
419,ESWC
420,ESWC
421,ESWC
422,ESWC
423,ESWC
424,ESWC
425,ESWC
426,ESWC
427,ESWC
428,ESWC
429,ESWC
430,ESWC
431,ESWC
432,ESWC
433,ESWC
434,ESWC
435,ESWC
436,ESWC
437,ESWC
438,ESWC
439,ESWC
440,ESWC
441,ESWC
442,ESWC
443,ESWC
444,ESWC
445,ESWC
446,ISWC
447,ISWC
448,ISWC
449,ISWC
450,ISWC
451,ISWC
452,ISWC
453,ISWC
454,ISWC
455,ISWC
456,ISWC
457,ISWC
458,ISWC
459,ISWC
460,ISWC
461,ISWC
462,ISWC
463,ISWC
464,ISWC
465,ISWC
466,ISWC
467,ISWC
468,ISWC
469,ISWC
470,ISWC
471,ISWC
472,ISWC
473,ISWC
474,ISWC
475,ISWC
476,ISWC
477,ISWC
478,ISWC
479,ISWC
480,ISWC
481,ISWC
482,ISWC
483,ISWC
484,ISWC
485,ISWC
486,ISWC
487,ISWC
488,ISWC
489,ISWC
490,ISWC
491,ISWC
492,ISWC
493,ISWC
494,ISWC
495,ISWC
496,ISWC
497,ISWC
498,ISWC
499,ISWC
500,ISWC
501,ISWC
502,ISWC
503,ISWC
504,ISWC
505,ISWC
506,ISWC
507,ISWC
508,ISWC
509,ISWC
510,ISWC
511,ISWC
512,ISWC
513,ISWC
514,ISWC
515,ISWC
516,ISWC
517,ISWC
518,ISWC
519,ISWC
520,ISWC
521,ISWC
522,ISWC
523,ISWC
524,ISWC
525,ISWC
526,ISWC
527,ISWC
528,ISWC
529,ISWC
530,ISWC
531,ISWC
532,ISWC
533,ISWC
534,ISWC
535,ISWC
536,ISWC
537,ISWC
538,ISWC
539,ISWC
540,ISWC
541,ISWC
542,ISWC
543,ISWC
544,ISWC
545,ISWC
546,ISWC
547,ISWC
548,ISWC
549,ISWC
550,ISWC
551,ISWC
552,ISWC
553,ISWC
554,ISWC
555,ISWC
556,ISWC
557,ISWC
558,ISWC
559,ISWC
560,ISWC
561,ISWC
562,ISWC
563,ISWC
564,ISWC
565,ISWC
566,ISWC
567,ISWC
568,ISWC
569,ISWC
570,ISWC
571,ISWC
572,ISWC
573,ISWC
574,ISWC
575,ISWC
576,ISWC
577,ISWC
578,ISWC
579,ISWC
580,ISWC
581,ISWC
582,ISWC
583,ISWC
584,ISWC
585,ISWC
586,ISWC
587,ISWC
588,ISWC
589,ISWC
590,ISWC
591,ISWC
592,ISWC
593,ISWC
594,ISWC
595,ISWC
596,ISWC
597,ISWC
598,ISWC
599,ISWC
600,ISWC
601,ISWC
602,ISWC
603,ISWC
604,ISWC
605,ISWC
606,ISWC
607,ISWC
608,ISWC
609,ISWC
610,ISWC
611,ISWC
612,ISWC
613,ISWC
614,ISWC
615,ISWC
616,ISWC
617,ISWC
618,ISWC
619,ISWC
620,ISWC
621,ISWC
622,ISWC
623,ISWC
624,ISWC
625,ISWC
626,ISWC
627,ISWC
628,ISWC
629,ISWC
630,ISWC
631,ISWC
632,ISWC
633,ISWC
634,ISWC
635,ISWC
636,ISWC
637,ISWC
638,ISWC
639,ISWC
640,ISWC
641,ISWC
642,ISWC
643,ISWC
644,ISWC
645,ISWC
646,ISWC
647,ISWC
648,ISWC
649,ISWC
650,ISWC
651,ISWC
652,ISWC
653,ISWC
654,ISWC
655,ISWC
656,ISWC
657,ISWC
658,ISWC
659,ISWC
660,ISWC
661,ISWC
662,ISWC
663,ISWC
664,ISWC
665,ISWC
666,ISWC
667,ISWC
668,ISWC
669,ISWC
670,ISWC
671,ISWC
672,ISWC
673,ISWC
674,ISWC
675,ISWC
676,ISWC
677,ISWC
678,ISWC
679,ISWC
680,ISWC
681,ISWC
682,ISWC
683,ISWC
684,ISWC
685,ISWC
686,ISWC
687,ISWC
688,ISWC
689,ISWC
690,ISWC
691,ISWC
692,ISWC
693,ISWC
694,ISWC
695,ISWC
696,ISWC
697,ISWC
698,ISWC
699,ISWC
700,ISWC
701,ISWC
702,ISWC
703,ISWC
704,ISWC
705,ISWC
706,ISWC
707,ISWC
708,ISWC
709,ISWC
710,ISWC
711,ISWC
712,ISWC
713,ISWC
714,ISWC
715,ISWC
716,ISWC
717,ISWC
718,ISWC
719,ISWC
720,ISWC
721,ISWC
722,ISWC
723,ISWC
724,ISWC
725,ISWC
726,ISWC
727,ISWC
728,ISWC
729,ISWC
730,ISWC
731,ISWC
732,ISWC
733,ISWC
734,ISWC
735,ISWC
736,ISWC
737,ISWC
738,ISWC
739,ISWC
740,ISWC
741,ISWC
742,ISWC
743,ISWC
744,ISWC
745,ISWC
746,ISWC
747,ISWC
748,ISWC
749,ISWC
750,ISWC
751,ISWC
752,ISWC
753,ISWC
754,ISWC
755,ISWC
756,ISWC
757,ISWC
758,ISWC
759,ISWC
760,ISWC
761,ISWC
762,ISWC
763,ISWC
764,ISWC
765,ISWC
766,ISWC
767,ISWC
768,ISWC
769,ISWC
770,ISWC
771,ISWC
772,ISWC
773,ISWC
774,ISWC
775,ISWC
776,ISWC
777,ISWC
778,ISWC
779,ISWC
780,ISWC
781,ISWC
782,ISWC
783,ISWC
784,ISWC
785,ISWC
786,ISWC
787,ISWC
788,ISWC
789,ISWC
790,ISWC
791,ISWC
792,ISWC
793,ISWC
794,ISWC
795,ISWC
796,ISWC
797,ISWC
798,ISWC
799,ISWC
800,ISWC
801,ISWC
802,ISWC
803,ISWC
804,ISWC
805,ISWC
806,ISWC
807,ISWC
808,ISWC
809,ISWC
810,ISWC
811,ISWC
812,ISWC
813,ISWC
814,ISWC
815,ISWC
816,ISWC
817,ISWC
818,ISWC
819,ISWC
820,ISWC
821,ISWC
822,ISWC
823,ISWC
824,ISWC
825,ISWC
826,ISWC
827,ISWC
828,ISWC
829,ISWC
830,ISWC
831,ISWC
832,ISWC
833,ISWC
834,ISWC
835,ISWC
836,ISWC
837,ISWC
838,ISWC
839,ISWC
840,ISWC
841,ISWC
842,ISWC
843,ISWC
844,ISWC
845,ISWC
846,ISWC
847,ISWC
848,ISWC
849,ISWC
850,ISWC
851,ISWC
852,ISWC
853,ISWC
854,ISWC
855,ISWC
856,ISWC
857,ISWC
858,ISWC
859,ISWC
860,ISWC
861,ISWC
862,ISWC
863,ISWC
864,ISWC
865,ISWC
866,ISWC
867,ISWC
868,ISWC
869,ISWC
870,ISWC
871,ISWC
872,ISWC
873,ISWC
874,ISWC
875,ISWC
876,ISWC
877,ISWC
878,ISWC
879,ISWC
880,ISWC
881,ISWC
882,ISWC
883,ISWC
884,ISWC
885,ISWC
886,ISWC
887,ISWC
888,ISWC
889,ISWC
890,ISWC
891,ISWC
892,ISWC
893,ISWC
894,ISWC
895,ISWC
896,ISWC
897,ISWC
898,ISWC
899,ISWC
900,ISWC
901,ISWC
902,ISWC
903,ISWC
904,ISWC
905,ISWC
906,ISWC
907,ISWC
908,ISWC
909,ISWC
910,ISWC
911,ISWC
912,ISWC
913,ISWC
914,ISWC
915,ISWC
916,ISWC
917,ISWC
918,ISWC
919,ISWC
920,ISWC
921,ISWC
922,ISWC
923,ISWC
924,ISWC
925,ISWC
926,ISWC
927,ISWC
928,ISWC
929,ISWC
930,ISWC
931,ISWC
932,ISWC
933,ISWC
934,ISWC
935,ISWC
936,ISWC
937,ISWC
938,ISWC
939,ISWC
940,ISWC
941,ISWC
942,ISWC
943,ISWC
944,ISWC
945,ISWC
946,ISWC
947,ISWC
948,ISWC
949,ISWC
950,ISWC
951,ISWC
952,ISWC
953,ISWC
954,ISWC
955,ISWC
956,ISWC
957,ISWC
958,ISWC
959,ISWC
960,ISWC
961,ISWC
962,ISWC
963,ISWC
964,ISWC
965,ISWC
966,ISWC
967,ISWC
968,ISWC
969,ISWC
970,ISWC
971,ISWC
972,ISWC
973,ISWC
974,ISWC
975,ISWC
976,ISWC
977,ISWC
978,ISWC
979,ISWC
980,ISWC
981,ISWC
982,ISWC
983,ISWC
984,ISWC
985,ISWC
986,ISWC
987,ISWC
988,ISWC
989,ISWC
990,ISWC
991,ISWC
992,ISWC
993,ISWC
994,ISWC
995,ISWC
996,ISWC
997,ISWC
998,ISWC
999,ISWC
1000,ISWC
1001,ISWC
1002,ISWC
1003,ISWC
1004,ISWC
1005,ISWC
1006,ISWC
1007,ISWC
1008,ISWC
1009,ISWC
1010,ISWC
1011,ISWC
1012,ISWC
1013,ISWC
1014,ISWC
1015,ISWC
1016,ISWC
1017,ISWC
1018,ISWC
1019,ISWC
1020,ISWC
1021,ISWC
1022,ISWC
1023,ISWC
1024,ISWC
1025,ISWC
1026,ISWC
1027,ISWC
1028,ISWC
1029,ISWC
1030,ISWC
1031,ISWC
1032,ISWC
1033,ISWC
1034,ISWC
1035,ISWC
1036,ISWC
1037,ISWC
1038,ISWC
1039,ISWC
1040,ISWC
1041,ISWC
1042,ISWC
1043,ISWC
1044,ISWC
1045,ISWC
1046,ISWC
1047,ISWC
1048,ISWC
1049,ISWC
1050,ISWC
1051,ISWC
1052,ISWC
1053,ISWC
1054,ISWC
1055,ISWC
1056,ISWC
1057,ISWC
1058,ISWC
1059,ISWC
1060,ISWC
1061,ISWC
1062,ISWC
1063,ISWC
1064,ISWC
1065,ISWC
1066,ISWC
1067,ISWC
1068,ISWC
1069,ISWC
1070,ISWC
1071,ISWC
1072,ISWC
1073,ISWC
